id,kode_provinsi,nama_provinsi,kode_kabupaten_kota,nama_kabupaten_kota,jenis_kunjungan,jumlah_bumil,satuan,tahun
1,32,JAWA BARAT,3201,KABUPATEN BOGOR,K4,77783,ORANG,2005
2,32,JAWA BARAT,3202,KABUPATEN SUKABUMI,K4,48235,ORANG,2005
3,32,JAWA BARAT,3203,KABUPATEN CIANJUR,K4,42543,ORANG,2005
4,32,JAWA BARAT,3204,KABUPATEN BANDUNG,K4,93154,ORANG,2005
5,32,JAWA BARAT,3205,KABUPATEN GARUT,K4,59947,ORANG,2005
6,32,JAWA BARAT,3206,KABUPATEN TASIKMALAYA,K4,29764,ORANG,2005
7,32,JAWA BARAT,3207,KABUPATEN CIAMIS,K4,29559,ORANG,2005
8,32,JAWA BARAT,3208,KABUPATEN KUNINGAN,K4,22694,ORANG,2005
9,32,JAWA BARAT,3209,KABUPATEN CIREBON,K4,43192,ORANG,2005
10,32,JAWA BARAT,3210,KABUPATEN MAJALENGKA,K4,20484,ORANG,2005
11,32,JAWA BARAT,3211,KABUPATEN SUMEDANG,K4,19929,ORANG,2005
12,32,JAWA BARAT,3212,KABUPATEN INDRAMAYU,K4,36469,ORANG,2005
13,32,JAWA BARAT,3213,KABUPATEN SUBANG,K4,30441,ORANG,2005
14,32,JAWA BARAT,3214,KABUPATEN PURWAKARTA,K4,16302,ORANG,2005
15,32,JAWA BARAT,3215,KABUPATEN KARAWANG,K4,43435,ORANG,2005
16,32,JAWA BARAT,3216,KABUPATEN BEKASI,K4,39067,ORANG,2005
17,32,JAWA BARAT,3271,KOTA BOGOR,K4,15931,ORANG,2005
18,32,JAWA BARAT,3272,KOTA SUKABUMI,K4,5525,ORANG,2005
19,32,JAWA BARAT,3273,KOTA BANDUNG,K4,44214,ORANG,2005
20,32,JAWA BARAT,3274,KOTA CIREBON,K4,4254,ORANG,2005
21,32,JAWA BARAT,3275,KOTA BEKASI,K4,37792,ORANG,2005
22,32,JAWA BARAT,3276,KOTA DEPOK,K4,33397,ORANG,2005
23,32,JAWA BARAT,3277,KOTA CIMAHI,K4,10882,ORANG,2005
24,32,JAWA BARAT,3278,KOTA TASIKMALAYA,K4,12933,ORANG,2005
25,32,JAWA BARAT,3279,KOTA BANJAR,K4,3374,ORANG,2005
26,32,JAWA BARAT,3201,KABUPATEN BOGOR,K1,85989,ORANG,2006
27,32,JAWA BARAT,3201,KABUPATEN BOGOR,K4,71920,ORANG,2006
28,32,JAWA BARAT,3202,KABUPATEN SUKABUMI,K1,57943,ORANG,2006
29,32,JAWA BARAT,3202,KABUPATEN SUKABUMI,K4,53978,ORANG,2006
30,32,JAWA BARAT,3203,KABUPATEN CIANJUR,K1,43227,ORANG,2006
31,32,JAWA BARAT,3203,KABUPATEN CIANJUR,K4,42405,ORANG,2006
32,32,JAWA BARAT,3204,KABUPATEN BANDUNG,K1,89483,ORANG,2006
33,32,JAWA BARAT,3204,KABUPATEN BANDUNG,K4,81286,ORANG,2006
34,32,JAWA BARAT,3205,KABUPATEN GARUT,K1,48690,ORANG,2006
35,32,JAWA BARAT,3205,KABUPATEN GARUT,K4,43238,ORANG,2006
36,32,JAWA BARAT,3206,KABUPATEN TASIKMALAYA,K1,35476,ORANG,2006
37,32,JAWA BARAT,3206,KABUPATEN TASIKMALAYA,K4,31303,ORANG,2006
38,32,JAWA BARAT,3207,KABUPATEN CIAMIS,K1,30647,ORANG,2006
39,32,JAWA BARAT,3207,KABUPATEN CIAMIS,K4,26670,ORANG,2006
40,32,JAWA BARAT,3208,KABUPATEN KUNINGAN,K1,25376,ORANG,2006
41,32,JAWA BARAT,3208,KABUPATEN KUNINGAN,K4,23627,ORANG,2006
42,32,JAWA BARAT,3209,KABUPATEN CIREBON,K1,51362,ORANG,2006
43,32,JAWA BARAT,3209,KABUPATEN CIREBON,K4,51362,ORANG,2006
44,32,JAWA BARAT,3210,KABUPATEN MAJALENGKA,K1,17471,ORANG,2006
45,32,JAWA BARAT,3210,KABUPATEN MAJALENGKA,K4,16330,ORANG,2006
46,32,JAWA BARAT,3211,KABUPATEN SUMEDANG,K1,21675,ORANG,2006
47,32,JAWA BARAT,3211,KABUPATEN SUMEDANG,K4,19674,ORANG,2006
48,32,JAWA BARAT,3212,KABUPATEN INDRAMAYU,K1,30656,ORANG,2006
49,32,JAWA BARAT,3212,KABUPATEN INDRAMAYU,K4,28652,ORANG,2006
50,32,JAWA BARAT,3213,KABUPATEN SUBANG,K1,32846,ORANG,2006
51,32,JAWA BARAT,3213,KABUPATEN SUBANG,K4,31534,ORANG,2006
52,32,JAWA BARAT,3214,KABUPATEN PURWAKARTA,K1,18271,ORANG,2006
53,32,JAWA BARAT,3214,KABUPATEN PURWAKARTA,K4,16550,ORANG,2006
54,32,JAWA BARAT,3215,KABUPATEN KARAWANG,K1,45888,ORANG,2006
55,32,JAWA BARAT,3215,KABUPATEN KARAWANG,K4,43435,ORANG,2006
56,32,JAWA BARAT,3216,KABUPATEN BEKASI,K1,41622,ORANG,2006
57,32,JAWA BARAT,3216,KABUPATEN BEKASI,K4,37700,ORANG,2006
58,32,JAWA BARAT,3271,KOTA BOGOR,K1,16644,ORANG,2006
59,32,JAWA BARAT,3271,KOTA BOGOR,K4,16030,ORANG,2006
60,32,JAWA BARAT,3272,KOTA SUKABUMI,K1,6550,ORANG,2006
61,32,JAWA BARAT,3272,KOTA SUKABUMI,K4,6091,ORANG,2006
62,32,JAWA BARAT,3273,KOTA BANDUNG,K1,39308,ORANG,2006
63,32,JAWA BARAT,3273,KOTA BANDUNG,K4,37999,ORANG,2006
64,32,JAWA BARAT,3274,KOTA CIREBON,K1,6006,ORANG,2006
65,32,JAWA BARAT,3274,KOTA CIREBON,K4,4763,ORANG,2006
66,32,JAWA BARAT,3275,KOTA BEKASI,K1,40966,ORANG,2006
67,32,JAWA BARAT,3275,KOTA BEKASI,K4,38446,ORANG,2006
68,32,JAWA BARAT,3276,KOTA DEPOK,K1,26672,ORANG,2006
69,32,JAWA BARAT,3276,KOTA DEPOK,K4,25822,ORANG,2006
70,32,JAWA BARAT,3277,KOTA CIMAHI,K1,10233,ORANG,2006
71,32,JAWA BARAT,3277,KOTA CIMAHI,K4,9621,ORANG,2006
72,32,JAWA BARAT,3278,KOTA TASIKMALAYA,K1,13824,ORANG,2006
73,32,JAWA BARAT,3278,KOTA TASIKMALAYA,K4,13507,ORANG,2006
74,32,JAWA BARAT,3279,KOTA BANJAR,K1,3827,ORANG,2006
75,32,JAWA BARAT,3279,KOTA BANJAR,K4,3409,ORANG,2006
76,32,JAWA BARAT,3201,KABUPATEN BOGOR,K1,93477,ORANG,2007
77,32,JAWA BARAT,3201,KABUPATEN BOGOR,K4,80552,ORANG,2007
78,32,JAWA BARAT,3202,KABUPATEN SUKABUMI,K1,58797,ORANG,2007
79,32,JAWA BARAT,3202,KABUPATEN SUKABUMI,K4,51554,ORANG,2007
80,32,JAWA BARAT,3203,KABUPATEN CIANJUR,K1,47932,ORANG,2007
81,32,JAWA BARAT,3203,KABUPATEN CIANJUR,K4,43390,ORANG,2007
82,32,JAWA BARAT,3204,KABUPATEN BANDUNG,K1,91676,ORANG,2007
83,32,JAWA BARAT,3204,KABUPATEN BANDUNG,K4,82538,ORANG,2007
84,32,JAWA BARAT,3205,KABUPATEN GARUT,K1,49102,ORANG,2007
85,32,JAWA BARAT,3205,KABUPATEN GARUT,K4,48182,ORANG,2007
86,32,JAWA BARAT,3206,KABUPATEN TASIKMALAYA,K1,35680,ORANG,2007
87,32,JAWA BARAT,3206,KABUPATEN TASIKMALAYA,K4,32179,ORANG,2007
88,32,JAWA BARAT,3207,KABUPATEN CIAMIS,K1,32686,ORANG,2007
89,32,JAWA BARAT,3207,KABUPATEN CIAMIS,K4,28070,ORANG,2007
90,32,JAWA BARAT,3208,KABUPATEN KUNINGAN,K1,25899,ORANG,2007
91,32,JAWA BARAT,3208,KABUPATEN KUNINGAN,K4,23976,ORANG,2007
92,32,JAWA BARAT,3209,KABUPATEN CIREBON,K1,52865,ORANG,2007
93,32,JAWA BARAT,3209,KABUPATEN CIREBON,K4,48315,ORANG,2007
94,32,JAWA BARAT,3210,KABUPATEN MAJALENGKA,K1,21296,ORANG,2007
95,32,JAWA BARAT,3210,KABUPATEN MAJALENGKA,K4,16493,ORANG,2007
96,32,JAWA BARAT,3211,KABUPATEN SUMEDANG,K1,22891,ORANG,2007
97,32,JAWA BARAT,3211,KABUPATEN SUMEDANG,K4,20621,ORANG,2007
98,32,JAWA BARAT,3212,KABUPATEN INDRAMAYU,K1,33063,ORANG,2007
99,32,JAWA BARAT,3212,KABUPATEN INDRAMAYU,K4,29102,ORANG,2007
100,32,JAWA BARAT,3213,KABUPATEN SUBANG,K1,35516,ORANG,2007
101,32,JAWA BARAT,3213,KABUPATEN SUBANG,K4,32118,ORANG,2007
102,32,JAWA BARAT,3214,KABUPATEN PURWAKARTA,K1,19282,ORANG,2007
103,32,JAWA BARAT,3214,KABUPATEN PURWAKARTA,K4,17307,ORANG,2007
104,32,JAWA BARAT,3215,KABUPATEN KARAWANG,K1,55120,ORANG,2007
105,32,JAWA BARAT,3215,KABUPATEN KARAWANG,K4,51485,ORANG,2007
106,32,JAWA BARAT,3216,KABUPATEN BEKASI,K1,53933,ORANG,2007
107,32,JAWA BARAT,3216,KABUPATEN BEKASI,K4,49970,ORANG,2007
108,32,JAWA BARAT,3271,KOTA BOGOR,K1,19045,ORANG,2007
109,32,JAWA BARAT,3271,KOTA BOGOR,K4,16918,ORANG,2007
110,32,JAWA BARAT,3272,KOTA SUKABUMI,K1,7296,ORANG,2007
111,32,JAWA BARAT,3272,KOTA SUKABUMI,K4,5985,ORANG,2007
112,32,JAWA BARAT,3273,KOTA BANDUNG,K1,40261,ORANG,2007
113,32,JAWA BARAT,3273,KOTA BANDUNG,K4,38734,ORANG,2007
114,32,JAWA BARAT,3274,KOTA CIREBON,K1,6123,ORANG,2007
115,32,JAWA BARAT,3274,KOTA CIREBON,K4,5124,ORANG,2007
116,32,JAWA BARAT,3275,KOTA BEKASI,K1,44295,ORANG,2007
117,32,JAWA BARAT,3275,KOTA BEKASI,K4,39084,ORANG,2007
118,32,JAWA BARAT,3276,KOTA DEPOK,K1,34003,ORANG,2007
119,32,JAWA BARAT,3276,KOTA DEPOK,K4,32470,ORANG,2007
120,32,JAWA BARAT,3277,KOTA CIMAHI,K1,10602,ORANG,2007
121,32,JAWA BARAT,3277,KOTA CIMAHI,K4,9889,ORANG,2007
122,32,JAWA BARAT,3278,KOTA TASIKMALAYA,K1,13333,ORANG,2007
123,32,JAWA BARAT,3278,KOTA TASIKMALAYA,K4,12400,ORANG,2007
124,32,JAWA BARAT,3279,KOTA BANJAR,K1,3783,ORANG,2007
125,32,JAWA BARAT,3279,KOTA BANJAR,K4,3028,ORANG,2007
126,32,JAWA BARAT,3201,KABUPATEN BOGOR,K1,100936,ORANG,2008
127,32,JAWA BARAT,3201,KABUPATEN BOGOR,K4,86891,ORANG,2008
128,32,JAWA BARAT,3202,KABUPATEN SUKABUMI,K1,57171,ORANG,2008
129,32,JAWA BARAT,3202,KABUPATEN SUKABUMI,K4,50154,ORANG,2008
130,32,JAWA BARAT,3203,KABUPATEN CIANJUR,K1,52231,ORANG,2008
131,32,JAWA BARAT,3203,KABUPATEN CIANJUR,K4,47582,ORANG,2008
132,32,JAWA BARAT,3204,KABUPATEN BANDUNG,K1,63495,ORANG,2008
133,32,JAWA BARAT,3204,KABUPATEN BANDUNG,K4,58379,ORANG,2008
134,32,JAWA BARAT,3205,KABUPATEN GARUT,K1,51733,ORANG,2008
135,32,JAWA BARAT,3205,KABUPATEN GARUT,K4,46430,ORANG,2008
136,32,JAWA BARAT,3206,KABUPATEN TASIKMALAYA,K1,37093,ORANG,2008
137,32,JAWA BARAT,3206,KABUPATEN TASIKMALAYA,K4,31830,ORANG,2008
138,32,JAWA BARAT,3207,KABUPATEN CIAMIS,K1,32764,ORANG,2008
139,32,JAWA BARAT,3207,KABUPATEN CIAMIS,K4,27809,ORANG,2008
140,32,JAWA BARAT,3208,KABUPATEN KUNINGAN,K1,23659,ORANG,2008
141,32,JAWA BARAT,3208,KABUPATEN KUNINGAN,K4,22627,ORANG,2008
142,32,JAWA BARAT,3209,KABUPATEN CIREBON,K1,53940,ORANG,2008
143,32,JAWA BARAT,3209,KABUPATEN CIREBON,K4,49460,ORANG,2008
144,32,JAWA BARAT,3210,KABUPATEN MAJALENGKA,K1,19585,ORANG,2008
145,32,JAWA BARAT,3210,KABUPATEN MAJALENGKA,K4,16848,ORANG,2008
146,32,JAWA BARAT,3211,KABUPATEN SUMEDANG,K1,25019,ORANG,2008
147,32,JAWA BARAT,3211,KABUPATEN SUMEDANG,K4,22401,ORANG,2008
148,32,JAWA BARAT,3212,KABUPATEN INDRAMAYU,K1,35646,ORANG,2008
149,32,JAWA BARAT,3212,KABUPATEN INDRAMAYU,K4,32487,ORANG,2008
150,32,JAWA BARAT,3213,KABUPATEN SUBANG,K1,34237,ORANG,2008
151,32,JAWA BARAT,3213,KABUPATEN SUBANG,K4,31232,ORANG,2008
152,32,JAWA BARAT,3214,KABUPATEN PURWAKARTA,K1,20136,ORANG,2008
153,32,JAWA BARAT,3214,KABUPATEN PURWAKARTA,K4,18388,ORANG,2008
154,32,JAWA BARAT,3215,KABUPATEN KARAWANG,K1,58765,ORANG,2008
155,32,JAWA BARAT,3215,KABUPATEN KARAWANG,K4,55243,ORANG,2008
156,32,JAWA BARAT,3216,KABUPATEN BEKASI,K1,57230,ORANG,2008
157,32,JAWA BARAT,3216,KABUPATEN BEKASI,K4,51855,ORANG,2008
158,32,JAWA BARAT,3217,KABUPATEN BANDUNG BARAT,K1,14798,ORANG,2008
159,32,JAWA BARAT,3217,KABUPATEN BANDUNG BARAT,K4,13745,ORANG,2008
160,32,JAWA BARAT,3271,KOTA BOGOR,K1,19865,ORANG,2008
161,32,JAWA BARAT,3271,KOTA BOGOR,K4,18193,ORANG,2008
162,32,JAWA BARAT,3272,KOTA SUKABUMI,K1,7649,ORANG,2008
163,32,JAWA BARAT,3272,KOTA SUKABUMI,K4,6266,ORANG,2008
164,32,JAWA BARAT,3273,KOTA BANDUNG,K1,51164,ORANG,2008
165,32,JAWA BARAT,3273,KOTA BANDUNG,K4,37650,ORANG,2008
166,32,JAWA BARAT,3274,KOTA CIREBON,K1,6365,ORANG,2008
167,32,JAWA BARAT,3274,KOTA CIREBON,K4,5670,ORANG,2008
168,32,JAWA BARAT,3275,KOTA BEKASI,K1,47538,ORANG,2008
169,32,JAWA BARAT,3275,KOTA BEKASI,K4,43491,ORANG,2008
170,32,JAWA BARAT,3276,KOTA DEPOK,K1,32873,ORANG,2008
171,32,JAWA BARAT,3276,KOTA DEPOK,K4,30044,ORANG,2008
172,32,JAWA BARAT,3277,KOTA CIMAHI,K1,12204,ORANG,2008
173,32,JAWA BARAT,3277,KOTA CIMAHI,K4,11461,ORANG,2008
174,32,JAWA BARAT,3278,KOTA TASIKMALAYA,K1,13542,ORANG,2008
175,32,JAWA BARAT,3278,KOTA TASIKMALAYA,K4,13155,ORANG,2008
176,32,JAWA BARAT,3279,KOTA BANJAR,K1,3605,ORANG,2008
177,32,JAWA BARAT,3279,KOTA BANJAR,K4,3099,ORANG,2008
178,32,JAWA BARAT,3201,KABUPATEN BOGOR,K1,98765,ORANG,2009
179,32,JAWA BARAT,3201,KABUPATEN BOGOR,K4,90762,ORANG,2009
180,32,JAWA BARAT,3202,KABUPATEN SUKABUMI,K1,57488,ORANG,2009
181,32,JAWA BARAT,3202,KABUPATEN SUKABUMI,K4,50768,ORANG,2009
182,32,JAWA BARAT,3203,KABUPATEN CIANJUR,K1,53038,ORANG,2009
183,32,JAWA BARAT,3203,KABUPATEN CIANJUR,K4,47071,ORANG,2009
184,32,JAWA BARAT,3204,KABUPATEN BANDUNG,K1,64055,ORANG,2009
185,32,JAWA BARAT,3204,KABUPATEN BANDUNG,K4,59319,ORANG,2009
186,32,JAWA BARAT,3205,KABUPATEN GARUT,K1,52561,ORANG,2009
187,32,JAWA BARAT,3205,KABUPATEN GARUT,K4,47569,ORANG,2009
188,32,JAWA BARAT,3206,KABUPATEN TASIKMALAYA,K1,41924,ORANG,2009
189,32,JAWA BARAT,3206,KABUPATEN TASIKMALAYA,K4,38496,ORANG,2009
190,32,JAWA BARAT,3207,KABUPATEN CIAMIS,K1,32005,ORANG,2009
191,32,JAWA BARAT,3207,KABUPATEN CIAMIS,K4,27765,ORANG,2009
192,32,JAWA BARAT,3208,KABUPATEN KUNINGAN,K1,23663,ORANG,2009
193,32,JAWA BARAT,3208,KABUPATEN KUNINGAN,K4,22048,ORANG,2009
194,32,JAWA BARAT,3209,KABUPATEN CIREBON,K1,53110,ORANG,2009
195,32,JAWA BARAT,3209,KABUPATEN CIREBON,K4,47192,ORANG,2009
196,32,JAWA BARAT,3210,KABUPATEN MAJALENGKA,K1,19762,ORANG,2009
197,32,JAWA BARAT,3210,KABUPATEN MAJALENGKA,K4,17612,ORANG,2009
198,32,JAWA BARAT,3211,KABUPATEN SUMEDANG,K1,25501,ORANG,2009
199,32,JAWA BARAT,3211,KABUPATEN SUMEDANG,K4,22101,ORANG,2009
200,32,JAWA BARAT,3212,KABUPATEN INDRAMAYU,K1,38394,ORANG,2009
201,32,JAWA BARAT,3212,KABUPATEN INDRAMAYU,K4,34007,ORANG,2009
202,32,JAWA BARAT,3213,KABUPATEN SUBANG,K1,33374,ORANG,2009
203,32,JAWA BARAT,3213,KABUPATEN SUBANG,K4,30584,ORANG,2009
204,32,JAWA BARAT,3214,KABUPATEN PURWAKARTA,K1,21496,ORANG,2009
205,32,JAWA BARAT,3214,KABUPATEN PURWAKARTA,K4,19665,ORANG,2009
206,32,JAWA BARAT,3215,KABUPATEN KARAWANG,K1,59723,ORANG,2009
207,32,JAWA BARAT,3215,KABUPATEN KARAWANG,K4,56383,ORANG,2009
208,32,JAWA BARAT,3216,KABUPATEN BEKASI,K1,62080,ORANG,2009
209,32,JAWA BARAT,3216,KABUPATEN BEKASI,K4,58321,ORANG,2009
210,32,JAWA BARAT,3217,KABUPATEN BANDUNG BARAT,K1,33890,ORANG,2009
211,32,JAWA BARAT,3217,KABUPATEN BANDUNG BARAT,K4,30787,ORANG,2009
212,32,JAWA BARAT,3271,KOTA BOGOR,K1,20767,ORANG,2009
213,32,JAWA BARAT,3271,KOTA BOGOR,K4,19004,ORANG,2009
214,32,JAWA BARAT,3272,KOTA SUKABUMI,K1,7301,ORANG,2009
215,32,JAWA BARAT,3272,KOTA SUKABUMI,K4,6516,ORANG,2009
216,32,JAWA BARAT,3273,KOTA BANDUNG,K1,49321,ORANG,2009
217,32,JAWA BARAT,3273,KOTA BANDUNG,K4,48695,ORANG,2009
218,32,JAWA BARAT,3274,KOTA CIREBON,K1,6186,ORANG,2009
219,32,JAWA BARAT,3274,KOTA CIREBON,K4,5495,ORANG,2009
220,32,JAWA BARAT,3275,KOTA BEKASI,K1,44809,ORANG,2009
221,32,JAWA BARAT,3275,KOTA BEKASI,K4,42905,ORANG,2009
222,32,JAWA BARAT,3276,KOTA DEPOK,K1,38650,ORANG,2009
223,32,JAWA BARAT,3276,KOTA DEPOK,K4,35845,ORANG,2009
224,32,JAWA BARAT,3277,KOTA CIMAHI,K1,11652,ORANG,2009
225,32,JAWA BARAT,3277,KOTA CIMAHI,K4,11244,ORANG,2009
226,32,JAWA BARAT,3278,KOTA TASIKMALAYA,K1,14007,ORANG,2009
227,32,JAWA BARAT,3278,KOTA TASIKMALAYA,K4,13132,ORANG,2009
228,32,JAWA BARAT,3279,KOTA BANJAR,K1,3807,ORANG,2009
229,32,JAWA BARAT,3279,KOTA BANJAR,K4,3162,ORANG,2009
230,32,JAWA BARAT,3201,KABUPATEN BOGOR,K1,120191,ORANG,2010
231,32,JAWA BARAT,3201,KABUPATEN BOGOR,K4,94079,ORANG,2010
232,32,JAWA BARAT,3202,KABUPATEN SUKABUMI,K1,58564,ORANG,2010
233,32,JAWA BARAT,3202,KABUPATEN SUKABUMI,K4,53107,ORANG,2010
234,32,JAWA BARAT,3203,KABUPATEN CIANJUR,K1,47404,ORANG,2010
235,32,JAWA BARAT,3203,KABUPATEN CIANJUR,K4,49083,ORANG,2010
236,32,JAWA BARAT,3204,KABUPATEN BANDUNG,K1,59786,ORANG,2010
237,32,JAWA BARAT,3204,KABUPATEN BANDUNG,K4,60680,ORANG,2010
238,32,JAWA BARAT,3205,KABUPATEN GARUT,K1,58703,ORANG,2010
239,32,JAWA BARAT,3205,KABUPATEN GARUT,K4,55240,ORANG,2010
240,32,JAWA BARAT,3206,KABUPATEN TASIKMALAYA,K1,42704,ORANG,2010
241,32,JAWA BARAT,3206,KABUPATEN TASIKMALAYA,K4,37931,ORANG,2010
242,32,JAWA BARAT,3207,KABUPATEN CIAMIS,K1,29123,ORANG,2010
243,32,JAWA BARAT,3207,KABUPATEN CIAMIS,K4,27981,ORANG,2010
244,32,JAWA BARAT,3208,KABUPATEN KUNINGAN,K1,24117,ORANG,2010
245,32,JAWA BARAT,3208,KABUPATEN KUNINGAN,K4,21580,ORANG,2010
246,32,JAWA BARAT,3209,KABUPATEN CIREBON,K1,51684,ORANG,2010
247,32,JAWA BARAT,3209,KABUPATEN CIREBON,K4,46790,ORANG,2010
248,32,JAWA BARAT,3210,KABUPATEN MAJALENGKA,K1,20114,ORANG,2010
249,32,JAWA BARAT,3210,KABUPATEN MAJALENGKA,K4,18444,ORANG,2010
250,32,JAWA BARAT,3211,KABUPATEN SUMEDANG,K1,27023,ORANG,2010
251,32,JAWA BARAT,3211,KABUPATEN SUMEDANG,K4,24892,ORANG,2010
252,32,JAWA BARAT,3212,KABUPATEN INDRAMAYU,K1,38831,ORANG,2010
253,32,JAWA BARAT,3212,KABUPATEN INDRAMAYU,K4,34384,ORANG,2010
254,32,JAWA BARAT,3213,KABUPATEN SUBANG,K1,27145,ORANG,2010
255,32,JAWA BARAT,3213,KABUPATEN SUBANG,K4,31052,ORANG,2010
256,32,JAWA BARAT,3214,KABUPATEN PURWAKARTA,K1,22570,ORANG,2010
257,32,JAWA BARAT,3214,KABUPATEN PURWAKARTA,K4,20994,ORANG,2010
258,32,JAWA BARAT,3215,KABUPATEN KARAWANG,K1,66275,ORANG,2010
259,32,JAWA BARAT,3215,KABUPATEN KARAWANG,K4,62953,ORANG,2010
260,32,JAWA BARAT,3216,KABUPATEN BEKASI,K1,51977,ORANG,2010
261,32,JAWA BARAT,3216,KABUPATEN BEKASI,K4,54529,ORANG,2010
262,32,JAWA BARAT,3217,KABUPATEN BANDUNG BARAT,K1,34135,ORANG,2010
263,32,JAWA BARAT,3217,KABUPATEN BANDUNG BARAT,K4,30787,ORANG,2010
264,32,JAWA BARAT,3271,KOTA BOGOR,K1,22425,ORANG,2010
265,32,JAWA BARAT,3271,KOTA BOGOR,K4,20601,ORANG,2010
266,32,JAWA BARAT,3272,KOTA SUKABUMI,K1,7755,ORANG,2010
267,32,JAWA BARAT,3272,KOTA SUKABUMI,K4,7178,ORANG,2010
268,32,JAWA BARAT,3273,KOTA BANDUNG,K1,53376,ORANG,2010
269,32,JAWA BARAT,3273,KOTA BANDUNG,K4,53138,ORANG,2010
270,32,JAWA BARAT,3274,KOTA CIREBON,K1,6310,ORANG,2010
271,32,JAWA BARAT,3274,KOTA CIREBON,K4,5538,ORANG,2010
272,32,JAWA BARAT,3275,KOTA BEKASI,K1,44479,ORANG,2010
273,32,JAWA BARAT,3275,KOTA BEKASI,K4,43991,ORANG,2010
274,32,JAWA BARAT,3276,KOTA DEPOK,K1,41416,ORANG,2010
275,32,JAWA BARAT,3276,KOTA DEPOK,K4,37573,ORANG,2010
276,32,JAWA BARAT,3277,KOTA CIMAHI,K1,11826,ORANG,2010
277,32,JAWA BARAT,3277,KOTA CIMAHI,K4,11507,ORANG,2010
278,32,JAWA BARAT,3278,KOTA TASIKMALAYA,K1,15623,ORANG,2010
279,32,JAWA BARAT,3278,KOTA TASIKMALAYA,K4,14168,ORANG,2010
280,32,JAWA BARAT,3279,KOTA BANJAR,K1,3945,ORANG,2010
281,32,JAWA BARAT,3279,KOTA BANJAR,K4,3339,ORANG,2010
282,32,JAWA BARAT,3201,KABUPATEN BOGOR,K1,123135,ORANG,2011
283,32,JAWA BARAT,3201,KABUPATEN BOGOR,K4,99702,ORANG,2011
284,32,JAWA BARAT,3202,KABUPATEN SUKABUMI,K1,60142,ORANG,2011
285,32,JAWA BARAT,3202,KABUPATEN SUKABUMI,K4,53296,ORANG,2011
286,32,JAWA BARAT,3203,KABUPATEN CIANJUR,K1,51693,ORANG,2011
287,32,JAWA BARAT,3203,KABUPATEN CIANJUR,K4,48158,ORANG,2011
288,32,JAWA BARAT,3204,KABUPATEN BANDUNG,K1,66229,ORANG,2011
289,32,JAWA BARAT,3204,KABUPATEN BANDUNG,K4,61074,ORANG,2011
290,32,JAWA BARAT,3205,KABUPATEN GARUT,K1,66325,ORANG,2011
291,32,JAWA BARAT,3205,KABUPATEN GARUT,K4,58134,ORANG,2011
292,32,JAWA BARAT,3206,KABUPATEN TASIKMALAYA,K1,40854,ORANG,2011
293,32,JAWA BARAT,3206,KABUPATEN TASIKMALAYA,K4,37475,ORANG,2011
294,32,JAWA BARAT,3207,KABUPATEN CIAMIS,K1,32422,ORANG,2011
295,32,JAWA BARAT,3207,KABUPATEN CIAMIS,K4,28801,ORANG,2011
296,32,JAWA BARAT,3208,KABUPATEN KUNINGAN,K1,23525,ORANG,2011
297,32,JAWA BARAT,3208,KABUPATEN KUNINGAN,K4,21376,ORANG,2011
298,32,JAWA BARAT,3209,KABUPATEN CIREBON,K1,52259,ORANG,2011
299,32,JAWA BARAT,3209,KABUPATEN CIREBON,K4,51529,ORANG,2011
300,32,JAWA BARAT,3210,KABUPATEN MAJALENGKA,K1,21301,ORANG,2011
301,32,JAWA BARAT,3210,KABUPATEN MAJALENGKA,K4,19117,ORANG,2011
302,32,JAWA BARAT,3211,KABUPATEN SUMEDANG,K1,23550,ORANG,2011
303,32,JAWA BARAT,3211,KABUPATEN SUMEDANG,K4,21336,ORANG,2011
304,32,JAWA BARAT,3212,KABUPATEN INDRAMAYU,K1,39608,ORANG,2011
305,32,JAWA BARAT,3212,KABUPATEN INDRAMAYU,K4,35635,ORANG,2011
306,32,JAWA BARAT,3213,KABUPATEN SUBANG,K1,34424,ORANG,2011
307,32,JAWA BARAT,3213,KABUPATEN SUBANG,K4,31856,ORANG,2011
308,32,JAWA BARAT,3214,KABUPATEN PURWAKARTA,K1,23720,ORANG,2011
309,32,JAWA BARAT,3214,KABUPATEN PURWAKARTA,K4,21517,ORANG,2011
310,32,JAWA BARAT,3215,KABUPATEN KARAWANG,K1,55383,ORANG,2011
311,32,JAWA BARAT,3215,KABUPATEN KARAWANG,K4,53386,ORANG,2011
312,32,JAWA BARAT,3216,KABUPATEN BEKASI,K1,66468,ORANG,2011
313,32,JAWA BARAT,3216,KABUPATEN BEKASI,K4,63225,ORANG,2011
314,32,JAWA BARAT,3217,KABUPATEN BANDUNG BARAT,K1,33874,ORANG,2011
315,32,JAWA BARAT,3217,KABUPATEN BANDUNG BARAT,K4,29985,ORANG,2011
316,32,JAWA BARAT,3271,KOTA BOGOR,K1,20932,ORANG,2011
317,32,JAWA BARAT,3271,KOTA BOGOR,K4,19063,ORANG,2011
318,32,JAWA BARAT,3272,KOTA SUKABUMI,K1,7695,ORANG,2011
319,32,JAWA BARAT,3272,KOTA SUKABUMI,K4,7119,ORANG,2011
320,32,JAWA BARAT,3273,KOTA BANDUNG,K1,50547,ORANG,2011
321,32,JAWA BARAT,3273,KOTA BANDUNG,K4,50035,ORANG,2011
322,32,JAWA BARAT,3274,KOTA CIREBON,K1,6276,ORANG,2011
323,32,JAWA BARAT,3274,KOTA CIREBON,K4,5696,ORANG,2011
324,32,JAWA BARAT,3275,KOTA BEKASI,K1,51810,ORANG,2011
325,32,JAWA BARAT,3275,KOTA BEKASI,K4,47915,ORANG,2011
326,32,JAWA BARAT,3276,KOTA DEPOK,K1,41461,ORANG,2011
327,32,JAWA BARAT,3276,KOTA DEPOK,K4,39425,ORANG,2011
328,32,JAWA BARAT,3277,KOTA CIMAHI,K1,11631,ORANG,2011
329,32,JAWA BARAT,3277,KOTA CIMAHI,K4,11130,ORANG,2011
330,32,JAWA BARAT,3278,KOTA TASIKMALAYA,K1,16204,ORANG,2011
331,32,JAWA BARAT,3278,KOTA TASIKMALAYA,K4,13771,ORANG,2011
332,32,JAWA BARAT,3279,KOTA BANJAR,K1,4295,ORANG,2011
333,32,JAWA BARAT,3279,KOTA BANJAR,K4,3669,ORANG,2011
334,32,JAWA BARAT,3201,KABUPATEN BOGOR,K1,123135,ORANG,2012
335,32,JAWA BARAT,3201,KABUPATEN BOGOR,K4,99702,ORANG,2012
336,32,JAWA BARAT,3202,KABUPATEN SUKABUMI,K1,60142,ORANG,2012
337,32,JAWA BARAT,3202,KABUPATEN SUKABUMI,K4,53296,ORANG,2012
338,32,JAWA BARAT,3203,KABUPATEN CIANJUR,K1,51693,ORANG,2012
339,32,JAWA BARAT,3203,KABUPATEN CIANJUR,K4,48158,ORANG,2012
340,32,JAWA BARAT,3204,KABUPATEN BANDUNG,K1,66229,ORANG,2012
341,32,JAWA BARAT,3204,KABUPATEN BANDUNG,K4,61074,ORANG,2012
342,32,JAWA BARAT,3205,KABUPATEN GARUT,K1,66325,ORANG,2012
343,32,JAWA BARAT,3205,KABUPATEN GARUT,K4,58134,ORANG,2012
344,32,JAWA BARAT,3206,KABUPATEN TASIKMALAYA,K1,40854,ORANG,2012
345,32,JAWA BARAT,3206,KABUPATEN TASIKMALAYA,K4,37475,ORANG,2012
346,32,JAWA BARAT,3207,KABUPATEN CIAMIS,K1,32422,ORANG,2012
347,32,JAWA BARAT,3207,KABUPATEN CIAMIS,K4,28801,ORANG,2012
348,32,JAWA BARAT,3208,KABUPATEN KUNINGAN,K1,23525,ORANG,2012
349,32,JAWA BARAT,3208,KABUPATEN KUNINGAN,K4,21376,ORANG,2012
350,32,JAWA BARAT,3209,KABUPATEN CIREBON,K1,52259,ORANG,2012
351,32,JAWA BARAT,3209,KABUPATEN CIREBON,K4,51529,ORANG,2012
352,32,JAWA BARAT,3210,KABUPATEN MAJALENGKA,K1,21301,ORANG,2012
353,32,JAWA BARAT,3210,KABUPATEN MAJALENGKA,K4,19117,ORANG,2012
354,32,JAWA BARAT,3211,KABUPATEN SUMEDANG,K1,23550,ORANG,2012
355,32,JAWA BARAT,3211,KABUPATEN SUMEDANG,K4,21336,ORANG,2012
356,32,JAWA BARAT,3212,KABUPATEN INDRAMAYU,K1,39608,ORANG,2012
357,32,JAWA BARAT,3212,KABUPATEN INDRAMAYU,K4,35635,ORANG,2012
358,32,JAWA BARAT,3213,KABUPATEN SUBANG,K1,34424,ORANG,2012
359,32,JAWA BARAT,3213,KABUPATEN SUBANG,K4,31856,ORANG,2012
360,32,JAWA BARAT,3214,KABUPATEN PURWAKARTA,K1,23720,ORANG,2012
361,32,JAWA BARAT,3214,KABUPATEN PURWAKARTA,K4,21517,ORANG,2012
362,32,JAWA BARAT,3215,KABUPATEN KARAWANG,K1,55383,ORANG,2012
363,32,JAWA BARAT,3215,KABUPATEN KARAWANG,K4,53386,ORANG,2012
364,32,JAWA BARAT,3216,KABUPATEN BEKASI,K1,66468,ORANG,2012
365,32,JAWA BARAT,3216,KABUPATEN BEKASI,K4,63225,ORANG,2012
366,32,JAWA BARAT,3217,KABUPATEN BANDUNG BARAT,K1,33874,ORANG,2012
367,32,JAWA BARAT,3217,KABUPATEN BANDUNG BARAT,K4,29985,ORANG,2012
368,32,JAWA BARAT,3271,KOTA BOGOR,K1,20932,ORANG,2012
369,32,JAWA BARAT,3271,KOTA BOGOR,K4,19063,ORANG,2012
370,32,JAWA BARAT,3272,KOTA SUKABUMI,K1,7695,ORANG,2012
371,32,JAWA BARAT,3272,KOTA SUKABUMI,K4,7119,ORANG,2012
372,32,JAWA BARAT,3273,KOTA BANDUNG,K1,50547,ORANG,2012
373,32,JAWA BARAT,3273,KOTA BANDUNG,K4,50035,ORANG,2012
374,32,JAWA BARAT,3274,KOTA CIREBON,K1,6276,ORANG,2012
375,32,JAWA BARAT,3274,KOTA CIREBON,K4,5696,ORANG,2012
376,32,JAWA BARAT,3275,KOTA BEKASI,K1,51810,ORANG,2012
377,32,JAWA BARAT,3275,KOTA BEKASI,K4,47915,ORANG,2012
378,32,JAWA BARAT,3276,KOTA DEPOK,K1,41461,ORANG,2012
379,32,JAWA BARAT,3276,KOTA DEPOK,K4,39425,ORANG,2012
380,32,JAWA BARAT,3277,KOTA CIMAHI,K1,11631,ORANG,2012
381,32,JAWA BARAT,3277,KOTA CIMAHI,K4,11130,ORANG,2012
382,32,JAWA BARAT,3278,KOTA TASIKMALAYA,K1,16204,ORANG,2012
383,32,JAWA BARAT,3278,KOTA TASIKMALAYA,K4,13771,ORANG,2012
384,32,JAWA BARAT,3279,KOTA BANJAR,K1,4295,ORANG,2012
385,32,JAWA BARAT,3279,KOTA BANJAR,K4,3669,ORANG,2012
386,32,JAWA BARAT,3201,KABUPATEN BOGOR,K1,127806,ORANG,2013
387,32,JAWA BARAT,3201,KABUPATEN BOGOR,K4,108557,ORANG,2013
388,32,JAWA BARAT,3202,KABUPATEN SUKABUMI,K1,58895,ORANG,2013
389,32,JAWA BARAT,3202,KABUPATEN SUKABUMI,K4,50259,ORANG,2013
390,32,JAWA BARAT,3203,KABUPATEN CIANJUR,K1,55280,ORANG,2013
391,32,JAWA BARAT,3203,KABUPATEN CIANJUR,K4,48235,ORANG,2013
392,32,JAWA BARAT,3204,KABUPATEN BANDUNG,K1,67901,ORANG,2013
393,32,JAWA BARAT,3204,KABUPATEN BANDUNG,K4,63001,ORANG,2013
394,32,JAWA BARAT,3205,KABUPATEN GARUT,K1,64992,ORANG,2013
395,32,JAWA BARAT,3205,KABUPATEN GARUT,K4,60751,ORANG,2013
396,32,JAWA BARAT,3206,KABUPATEN TASIKMALAYA,K1,39437,ORANG,2013
397,32,JAWA BARAT,3206,KABUPATEN TASIKMALAYA,K4,33787,ORANG,2013
398,32,JAWA BARAT,3207,KABUPATEN CIAMIS,K1,32140,ORANG,2013
399,32,JAWA BARAT,3207,KABUPATEN CIAMIS,K4,31480,ORANG,2013
400,32,JAWA BARAT,3208,KABUPATEN KUNINGAN,K1,21847,ORANG,2013
401,32,JAWA BARAT,3208,KABUPATEN KUNINGAN,K4,20433,ORANG,2013
402,32,JAWA BARAT,3209,KABUPATEN CIREBON,K1,52506,ORANG,2013
403,32,JAWA BARAT,3209,KABUPATEN CIREBON,K4,48610,ORANG,2013
404,32,JAWA BARAT,3210,KABUPATEN MAJALENGKA,K1,23722,ORANG,2013
405,32,JAWA BARAT,3210,KABUPATEN MAJALENGKA,K4,21240,ORANG,2013
406,32,JAWA BARAT,3211,KABUPATEN SUMEDANG,K1,23390,ORANG,2013
407,32,JAWA BARAT,3211,KABUPATEN SUMEDANG,K4,20921,ORANG,2013
408,32,JAWA BARAT,3212,KABUPATEN INDRAMAYU,K1,40403,ORANG,2013
409,32,JAWA BARAT,3212,KABUPATEN INDRAMAYU,K4,36953,ORANG,2013
410,32,JAWA BARAT,3213,KABUPATEN SUBANG,K1,35434,ORANG,2013
411,32,JAWA BARAT,3213,KABUPATEN SUBANG,K4,32836,ORANG,2013
412,32,JAWA BARAT,3214,KABUPATEN PURWAKARTA,K1,25378,ORANG,2013
413,32,JAWA BARAT,3214,KABUPATEN PURWAKARTA,K4,23383,ORANG,2013
414,32,JAWA BARAT,3215,KABUPATEN KARAWANG,K1,61618,ORANG,2013
415,32,JAWA BARAT,3215,KABUPATEN KARAWANG,K4,59440,ORANG,2013
416,32,JAWA BARAT,3216,KABUPATEN BEKASI,K1,68233,ORANG,2013
417,32,JAWA BARAT,3216,KABUPATEN BEKASI,K4,64291,ORANG,2013
418,32,JAWA BARAT,3217,KABUPATEN BANDUNG BARAT,K1,36494,ORANG,2013
419,32,JAWA BARAT,3217,KABUPATEN BANDUNG BARAT,K4,30388,ORANG,2013
420,32,JAWA BARAT,3218,KABUPATEN PANGANDARAN,K1,7880,ORANG,2013
421,32,JAWA BARAT,3218,KABUPATEN PANGANDARAN,K4,6669,ORANG,2013
422,32,JAWA BARAT,3271,KOTA BOGOR,K1,21932,ORANG,2013
423,32,JAWA BARAT,3271,KOTA BOGOR,K4,20775,ORANG,2013
424,32,JAWA BARAT,3272,KOTA SUKABUMI,K1,7994,ORANG,2013
425,32,JAWA BARAT,3272,KOTA SUKABUMI,K4,7434,ORANG,2013
426,32,JAWA BARAT,3273,KOTA BANDUNG,K1,51765,ORANG,2013
427,32,JAWA BARAT,3273,KOTA BANDUNG,K4,44002,ORANG,2013
428,32,JAWA BARAT,3274,KOTA CIREBON,K1,6237,ORANG,2013
429,32,JAWA BARAT,3274,KOTA CIREBON,K4,5772,ORANG,2013
430,32,JAWA BARAT,3275,KOTA BEKASI,K1,51430,ORANG,2013
431,32,JAWA BARAT,3275,KOTA BEKASI,K4,47054,ORANG,2013
432,32,JAWA BARAT,3276,KOTA DEPOK,K1,47821,ORANG,2013
433,32,JAWA BARAT,3276,KOTA DEPOK,K4,45907,ORANG,2013
434,32,JAWA BARAT,3277,KOTA CIMAHI,K1,11655,ORANG,2013
435,32,JAWA BARAT,3277,KOTA CIMAHI,K4,10880,ORANG,2013
436,32,JAWA BARAT,3278,KOTA TASIKMALAYA,K1,15303,ORANG,2013
437,32,JAWA BARAT,3278,KOTA TASIKMALAYA,K4,13529,ORANG,2013
438,32,JAWA BARAT,3279,KOTA BANJAR,K1,3954,ORANG,2013
439,32,JAWA BARAT,3279,KOTA BANJAR,K4,3398,ORANG,2013
440,32,JAWA BARAT,3201,KABUPATEN BOGOR,K1,126059,ORANG,2014
441,32,JAWA BARAT,3201,KABUPATEN BOGOR,K4,112261,ORANG,2014
442,32,JAWA BARAT,3202,KABUPATEN SUKABUMI,K1,58438,ORANG,2014
443,32,JAWA BARAT,3202,KABUPATEN SUKABUMI,K4,50566,ORANG,2014
444,32,JAWA BARAT,3203,KABUPATEN CIANJUR,K1,54342,ORANG,2014
445,32,JAWA BARAT,3203,KABUPATEN CIANJUR,K4,48014,ORANG,2014
446,32,JAWA BARAT,3204,KABUPATEN BANDUNG,K1,71300,ORANG,2014
447,32,JAWA BARAT,3204,KABUPATEN BANDUNG,K4,68451,ORANG,2014
448,32,JAWA BARAT,3205,KABUPATEN GARUT,K1,66129,ORANG,2014
449,32,JAWA BARAT,3205,KABUPATEN GARUT,K4,62050,ORANG,2014
450,32,JAWA BARAT,3206,KABUPATEN TASIKMALAYA,K1,36785,ORANG,2014
451,32,JAWA BARAT,3206,KABUPATEN TASIKMALAYA,K4,31904,ORANG,2014
452,32,JAWA BARAT,3207,KABUPATEN CIAMIS,K1,23754,ORANG,2014
453,32,JAWA BARAT,3207,KABUPATEN CIAMIS,K4,22820,ORANG,2014
454,32,JAWA BARAT,3208,KABUPATEN KUNINGAN,K1,22264,ORANG,2014
455,32,JAWA BARAT,3208,KABUPATEN KUNINGAN,K4,20607,ORANG,2014
456,32,JAWA BARAT,3209,KABUPATEN CIREBON,K1,53164,ORANG,2014
457,32,JAWA BARAT,3209,KABUPATEN CIREBON,K4,50110,ORANG,2014
458,32,JAWA BARAT,3210,KABUPATEN MAJALENGKA,K1,23791,ORANG,2014
459,32,JAWA BARAT,3210,KABUPATEN MAJALENGKA,K4,21030,ORANG,2014
460,32,JAWA BARAT,3211,KABUPATEN SUMEDANG,K1,23595,ORANG,2014
461,32,JAWA BARAT,3211,KABUPATEN SUMEDANG,K4,21240,ORANG,2014
462,32,JAWA BARAT,3212,KABUPATEN INDRAMAYU,K1,39800,ORANG,2014
463,32,JAWA BARAT,3212,KABUPATEN INDRAMAYU,K4,36074,ORANG,2014
464,32,JAWA BARAT,3213,KABUPATEN SUBANG,K1,35290,ORANG,2014
465,32,JAWA BARAT,3213,KABUPATEN SUBANG,K4,33021,ORANG,2014
466,32,JAWA BARAT,3214,KABUPATEN PURWAKARTA,K1,25638,ORANG,2014
467,32,JAWA BARAT,3214,KABUPATEN PURWAKARTA,K4,24116,ORANG,2014
468,32,JAWA BARAT,3215,KABUPATEN KARAWANG,K1,61545,ORANG,2014
469,32,JAWA BARAT,3215,KABUPATEN KARAWANG,K4,58042,ORANG,2014
470,32,JAWA BARAT,3216,KABUPATEN BEKASI,K1,73614,ORANG,2014
471,32,JAWA BARAT,3216,KABUPATEN BEKASI,K4,69959,ORANG,2014
472,32,JAWA BARAT,3217,KABUPATEN BANDUNG BARAT,K1,32087,ORANG,2014
473,32,JAWA BARAT,3217,KABUPATEN BANDUNG BARAT,K4,27413,ORANG,2014
474,32,JAWA BARAT,3218,KABUPATEN PANGANDARAN,K1,7877,ORANG,2014
475,32,JAWA BARAT,3218,KABUPATEN PANGANDARAN,K4,6878,ORANG,2014
476,32,JAWA BARAT,3271,KOTA BOGOR,K1,21635,ORANG,2014
477,32,JAWA BARAT,3271,KOTA BOGOR,K4,20634,ORANG,2014
478,32,JAWA BARAT,3272,KOTA SUKABUMI,K1,7327,ORANG,2014
479,32,JAWA BARAT,3272,KOTA SUKABUMI,K4,6891,ORANG,2014
480,32,JAWA BARAT,3273,KOTA BANDUNG,K1,48620,ORANG,2014
481,32,JAWA BARAT,3273,KOTA BANDUNG,K4,48399,ORANG,2014
482,32,JAWA BARAT,3274,KOTA CIREBON,K1,6184,ORANG,2014
483,32,JAWA BARAT,3274,KOTA CIREBON,K4,5712,ORANG,2014
484,32,JAWA BARAT,3275,KOTA BEKASI,K1,54359,ORANG,2014
485,32,JAWA BARAT,3275,KOTA BEKASI,K4,50086,ORANG,2014
486,32,JAWA BARAT,3276,KOTA DEPOK,K1,52433,ORANG,2014
487,32,JAWA BARAT,3276,KOTA DEPOK,K4,50118,ORANG,2014
488,32,JAWA BARAT,3277,KOTA CIMAHI,K1,11792,ORANG,2014
489,32,JAWA BARAT,3277,KOTA CIMAHI,K4,10987,ORANG,2014
490,32,JAWA BARAT,3278,KOTA TASIKMALAYA,K1,15480,ORANG,2014
491,32,JAWA BARAT,3278,KOTA TASIKMALAYA,K4,13927,ORANG,2014
492,32,JAWA BARAT,3279,KOTA BANJAR,K1,4139,ORANG,2014
493,32,JAWA BARAT,3279,KOTA BANJAR,K4,3598,ORANG,2014
494,32,JAWA BARAT,3201,KABUPATEN BOGOR,K1,131527,ORANG,2015
495,32,JAWA BARAT,3201,KABUPATEN BOGOR,K4,126163,ORANG,2015
496,32,JAWA BARAT,3202,KABUPATEN SUKABUMI,K1,52361,ORANG,2015
497,32,JAWA BARAT,3202,KABUPATEN SUKABUMI,K4,48118,ORANG,2015
498,32,JAWA BARAT,3203,KABUPATEN CIANJUR,K1,43837,ORANG,2015
499,32,JAWA BARAT,3203,KABUPATEN CIANJUR,K4,43201,ORANG,2015
500,32,JAWA BARAT,3204,KABUPATEN BANDUNG,K1,72881,ORANG,2015
501,32,JAWA BARAT,3204,KABUPATEN BANDUNG,K4,68071,ORANG,2015
502,32,JAWA BARAT,3205,KABUPATEN GARUT,K1,61952,ORANG,2015
503,32,JAWA BARAT,3205,KABUPATEN GARUT,K4,58910,ORANG,2015
504,32,JAWA BARAT,3206,KABUPATEN TASIKMALAYA,K1,36463,ORANG,2015
505,32,JAWA BARAT,3206,KABUPATEN TASIKMALAYA,K4,31538,ORANG,2015
506,32,JAWA BARAT,3207,KABUPATEN CIAMIS,K1,19833,ORANG,2015
507,32,JAWA BARAT,3207,KABUPATEN CIAMIS,K4,18819,ORANG,2015
508,32,JAWA BARAT,3208,KABUPATEN KUNINGAN,K1,22044,ORANG,2015
509,32,JAWA BARAT,3208,KABUPATEN KUNINGAN,K4,20672,ORANG,2015
510,32,JAWA BARAT,3209,KABUPATEN CIREBON,K1,53680,ORANG,2015
511,32,JAWA BARAT,3209,KABUPATEN CIREBON,K4,50673,ORANG,2015
512,32,JAWA BARAT,3210,KABUPATEN MAJALENGKA,K1,23521,ORANG,2015
513,32,JAWA BARAT,3210,KABUPATEN MAJALENGKA,K4,21389,ORANG,2015
514,32,JAWA BARAT,3211,KABUPATEN SUMEDANG,K1,22575,ORANG,2015
515,32,JAWA BARAT,3211,KABUPATEN SUMEDANG,K4,20482,ORANG,2015
516,32,JAWA BARAT,3212,KABUPATEN INDRAMAYU,K1,41652,ORANG,2015
517,32,JAWA BARAT,3212,KABUPATEN INDRAMAYU,K4,37538,ORANG,2015
518,32,JAWA BARAT,3213,KABUPATEN SUBANG,K1,36486,ORANG,2015
519,32,JAWA BARAT,3213,KABUPATEN SUBANG,K4,33471,ORANG,2015
520,32,JAWA BARAT,3214,KABUPATEN PURWAKARTA,K1,21072,ORANG,2015
521,32,JAWA BARAT,3214,KABUPATEN PURWAKARTA,K4,20029,ORANG,2015
522,32,JAWA BARAT,3215,KABUPATEN KARAWANG,K1,59870,ORANG,2015
523,32,JAWA BARAT,3215,KABUPATEN KARAWANG,K4,56175,ORANG,2015
524,32,JAWA BARAT,3216,KABUPATEN BEKASI,K1,81001,ORANG,2015
525,32,JAWA BARAT,3216,KABUPATEN BEKASI,K4,80643,ORANG,2015
526,32,JAWA BARAT,3217,KABUPATEN BANDUNG BARAT,K1,31654,ORANG,2015
527,32,JAWA BARAT,3217,KABUPATEN BANDUNG BARAT,K4,28011,ORANG,2015
528,32,JAWA BARAT,3218,KABUPATEN PANGANDARAN,K1,7113,ORANG,2015
529,32,JAWA BARAT,3218,KABUPATEN PANGANDARAN,K4,6131,ORANG,2015
530,32,JAWA BARAT,3271,KOTA BOGOR,K1,21292,ORANG,2015
531,32,JAWA BARAT,3271,KOTA BOGOR,K4,20580,ORANG,2015
532,32,JAWA BARAT,3272,KOTA SUKABUMI,K1,6878,ORANG,2015
533,32,JAWA BARAT,3272,KOTA SUKABUMI,K4,6483,ORANG,2015
534,32,JAWA BARAT,3273,KOTA BANDUNG,K1,48861,ORANG,2015
535,32,JAWA BARAT,3273,KOTA BANDUNG,K4,48628,ORANG,2015
536,32,JAWA BARAT,3274,KOTA CIREBON,K1,6096,ORANG,2015
537,32,JAWA BARAT,3274,KOTA CIREBON,K4,5616,ORANG,2015
538,32,JAWA BARAT,3275,KOTA BEKASI,K1,54705,ORANG,2015
539,32,JAWA BARAT,3275,KOTA BEKASI,K4,52291,ORANG,2015
540,32,JAWA BARAT,3276,KOTA DEPOK,K1,44903,ORANG,2015
541,32,JAWA BARAT,3276,KOTA DEPOK,K4,42757,ORANG,2015
542,32,JAWA BARAT,3277,KOTA CIMAHI,K1,11159,ORANG,2015
543,32,JAWA BARAT,3277,KOTA CIMAHI,K4,10387,ORANG,2015
544,32,JAWA BARAT,3278,KOTA TASIKMALAYA,K1,13721,ORANG,2015
545,32,JAWA BARAT,3278,KOTA TASIKMALAYA,K4,12636,ORANG,2015
546,32,JAWA BARAT,3279,KOTA BANJAR,K1,4031,ORANG,2015
547,32,JAWA BARAT,3279,KOTA BANJAR,K4,3467,ORANG,2015
548,32,JAWA BARAT,3201,KABUPATEN BOGOR,K1,135016,ORANG,2016
549,32,JAWA BARAT,3201,KABUPATEN BOGOR,K4,129419,ORANG,2016
550,32,JAWA BARAT,3202,KABUPATEN SUKABUMI,K1,51314,ORANG,2016
551,32,JAWA BARAT,3202,KABUPATEN SUKABUMI,K4,45566,ORANG,2016
552,32,JAWA BARAT,3203,KABUPATEN CIANJUR,K1,49554,ORANG,2016
553,32,JAWA BARAT,3203,KABUPATEN CIANJUR,K4,41879,ORANG,2016
554,32,JAWA BARAT,3204,KABUPATEN BANDUNG,K1,72253,ORANG,2016
555,32,JAWA BARAT,3204,KABUPATEN BANDUNG,K4,67898,ORANG,2016
556,32,JAWA BARAT,3205,KABUPATEN GARUT,K1,62518,ORANG,2016
557,32,JAWA BARAT,3205,KABUPATEN GARUT,K4,58594,ORANG,2016
558,32,JAWA BARAT,3206,KABUPATEN TASIKMALAYA,K1,34713,ORANG,2016
559,32,JAWA BARAT,3206,KABUPATEN TASIKMALAYA,K4,29809,ORANG,2016
560,32,JAWA BARAT,3207,KABUPATEN CIAMIS,K1,20755,ORANG,2016
561,32,JAWA BARAT,3207,KABUPATEN CIAMIS,K4,18467,ORANG,2016
562,32,JAWA BARAT,3208,KABUPATEN KUNINGAN,K1,20267,ORANG,2016
563,32,JAWA BARAT,3208,KABUPATEN KUNINGAN,K4,18797,ORANG,2016
564,32,JAWA BARAT,3209,KABUPATEN CIREBON,K1,52160,ORANG,2016
565,32,JAWA BARAT,3209,KABUPATEN CIREBON,K4,49514,ORANG,2016
566,32,JAWA BARAT,3210,KABUPATEN MAJALENGKA,K1,22499,ORANG,2016
567,32,JAWA BARAT,3210,KABUPATEN MAJALENGKA,K4,20693,ORANG,2016
568,32,JAWA BARAT,3211,KABUPATEN SUMEDANG,K1,21649,ORANG,2016
569,32,JAWA BARAT,3211,KABUPATEN SUMEDANG,K4,19784,ORANG,2016
570,32,JAWA BARAT,3212,KABUPATEN INDRAMAYU,K1,39984,ORANG,2016
571,32,JAWA BARAT,3212,KABUPATEN INDRAMAYU,K4,36383,ORANG,2016
572,32,JAWA BARAT,3213,KABUPATEN SUBANG,K1,33073,ORANG,2016
573,32,JAWA BARAT,3213,KABUPATEN SUBANG,K4,31205,ORANG,2016
574,32,JAWA BARAT,3214,KABUPATEN PURWAKARTA,K1,21341,ORANG,2016
575,32,JAWA BARAT,3214,KABUPATEN PURWAKARTA,K4,19909,ORANG,2016
576,32,JAWA BARAT,3215,KABUPATEN KARAWANG,K1,52785,ORANG,2016
577,32,JAWA BARAT,3215,KABUPATEN KARAWANG,K4,50234,ORANG,2016
578,32,JAWA BARAT,3216,KABUPATEN BEKASI,K1,78966,ORANG,2016
579,32,JAWA BARAT,3216,KABUPATEN BEKASI,K4,76179,ORANG,2016
580,32,JAWA BARAT,3217,KABUPATEN BANDUNG BARAT,K1,45906,ORANG,2016
581,32,JAWA BARAT,3217,KABUPATEN BANDUNG BARAT,K4,43997,ORANG,2016
582,32,JAWA BARAT,3218,KABUPATEN PANGANDARAN,K1,6914,ORANG,2016
583,32,JAWA BARAT,3218,KABUPATEN PANGANDARAN,K4,6188,ORANG,2016
584,32,JAWA BARAT,3271,KOTA BOGOR,K1,21509,ORANG,2016
585,32,JAWA BARAT,3271,KOTA BOGOR,K4,20810,ORANG,2016
586,32,JAWA BARAT,3272,KOTA SUKABUMI,K1,6859,ORANG,2016
587,32,JAWA BARAT,3272,KOTA SUKABUMI,K4,6088,ORANG,2016
588,32,JAWA BARAT,3273,KOTA BANDUNG,K1,45906,ORANG,2016
589,32,JAWA BARAT,3273,KOTA BANDUNG,K4,43997,ORANG,2016
590,32,JAWA BARAT,3274,KOTA CIREBON,K1,5956,ORANG,2016
591,32,JAWA BARAT,3274,KOTA CIREBON,K4,5565,ORANG,2016
592,32,JAWA BARAT,3275,KOTA BEKASI,K1,52285,ORANG,2016
593,32,JAWA BARAT,3275,KOTA BEKASI,K4,49565,ORANG,2016
594,32,JAWA BARAT,3276,KOTA DEPOK,K1,46201,ORANG,2016
595,32,JAWA BARAT,3276,KOTA DEPOK,K4,43924,ORANG,2016
596,32,JAWA BARAT,3277,KOTA CIMAHI,K1,11364,ORANG,2016
597,32,JAWA BARAT,3277,KOTA CIMAHI,K4,10648,ORANG,2016
598,32,JAWA BARAT,3278,KOTA TASIKMALAYA,K1,12905,ORANG,2016
599,32,JAWA BARAT,3278,KOTA TASIKMALAYA,K4,12414,ORANG,2016
600,32,JAWA BARAT,3279,KOTA BANJAR,K1,3874,ORANG,2016
601,32,JAWA BARAT,3279,KOTA BANJAR,K4,3491,ORANG,2016
602,32,JAWA BARAT,3201,KABUPATEN BOGOR,K1,132681,ORANG,2017
603,32,JAWA BARAT,3201,KABUPATEN BOGOR,K4,124621,ORANG,2017
604,32,JAWA BARAT,3202,KABUPATEN SUKABUMI,K1,52318,ORANG,2017
605,32,JAWA BARAT,3202,KABUPATEN SUKABUMI,K4,44736,ORANG,2017
606,32,JAWA BARAT,3203,KABUPATEN CIANJUR,K1,44378,ORANG,2017
607,32,JAWA BARAT,3203,KABUPATEN CIANJUR,K4,42554,ORANG,2017
608,32,JAWA BARAT,3204,KABUPATEN BANDUNG,K1,73928,ORANG,2017
609,32,JAWA BARAT,3204,KABUPATEN BANDUNG,K4,70841,ORANG,2017
610,32,JAWA BARAT,3205,KABUPATEN GARUT,K1,58514,ORANG,2017
611,32,JAWA BARAT,3205,KABUPATEN GARUT,K4,55662,ORANG,2017
612,32,JAWA BARAT,3206,KABUPATEN TASIKMALAYA,K1,33085,ORANG,2017
613,32,JAWA BARAT,3206,KABUPATEN TASIKMALAYA,K4,30762,ORANG,2017
614,32,JAWA BARAT,3207,KABUPATEN CIAMIS,K1,20248,ORANG,2017
615,32,JAWA BARAT,3207,KABUPATEN CIAMIS,K4,18881,ORANG,2017
616,32,JAWA BARAT,3208,KABUPATEN KUNINGAN,K1,20873,ORANG,2017
617,32,JAWA BARAT,3208,KABUPATEN KUNINGAN,K4,18990,ORANG,2017
618,32,JAWA BARAT,3209,KABUPATEN CIREBON,K1,52847,ORANG,2017
619,32,JAWA BARAT,3209,KABUPATEN CIREBON,K4,50176,ORANG,2017
620,32,JAWA BARAT,3210,KABUPATEN MAJALENGKA,K1,22036,ORANG,2017
621,32,JAWA BARAT,3210,KABUPATEN MAJALENGKA,K4,20628,ORANG,2017
622,32,JAWA BARAT,3211,KABUPATEN SUMEDANG,K1,21365,ORANG,2017
623,32,JAWA BARAT,3211,KABUPATEN SUMEDANG,K4,19545,ORANG,2017
624,32,JAWA BARAT,3212,KABUPATEN INDRAMAYU,K1,39676,ORANG,2017
625,32,JAWA BARAT,3212,KABUPATEN INDRAMAYU,K4,36342,ORANG,2017
626,32,JAWA BARAT,3213,KABUPATEN SUBANG,K1,31685,ORANG,2017
627,32,JAWA BARAT,3213,KABUPATEN SUBANG,K4,29696,ORANG,2017
628,32,JAWA BARAT,3214,KABUPATEN PURWAKARTA,K1,21194,ORANG,2017
629,32,JAWA BARAT,3214,KABUPATEN PURWAKARTA,K4,19840,ORANG,2017
630,32,JAWA BARAT,3215,KABUPATEN KARAWANG,K1,46678,ORANG,2017
631,32,JAWA BARAT,3215,KABUPATEN KARAWANG,K4,45068,ORANG,2017
632,32,JAWA BARAT,3216,KABUPATEN BEKASI,K1,79584,ORANG,2017
633,32,JAWA BARAT,3216,KABUPATEN BEKASI,K4,76933,ORANG,2017
634,32,JAWA BARAT,3217,KABUPATEN BANDUNG BARAT,K1,34021,ORANG,2017
635,32,JAWA BARAT,3217,KABUPATEN BANDUNG BARAT,K4,29960,ORANG,2017
636,32,JAWA BARAT,3218,KABUPATEN PANGANDARAN,K1,7023,ORANG,2017
637,32,JAWA BARAT,3218,KABUPATEN PANGANDARAN,K4,6061,ORANG,2017
638,32,JAWA BARAT,3271,KOTA BOGOR,K1,21290,ORANG,2017
639,32,JAWA BARAT,3271,KOTA BOGOR,K4,21324,ORANG,2017
640,32,JAWA BARAT,3272,KOTA SUKABUMI,K1,6647,ORANG,2017
641,32,JAWA BARAT,3272,KOTA SUKABUMI,K4,6218,ORANG,2017
642,32,JAWA BARAT,3273,KOTA BANDUNG,K1,45547,ORANG,2017
643,32,JAWA BARAT,3273,KOTA BANDUNG,K4,44711,ORANG,2017
644,32,JAWA BARAT,3274,KOTA CIREBON,K1,6179,ORANG,2017
645,32,JAWA BARAT,3274,KOTA CIREBON,K4,5664,ORANG,2017
646,32,JAWA BARAT,3275,KOTA BEKASI,K1,53445,ORANG,2017
647,32,JAWA BARAT,3275,KOTA BEKASI,K4,51732,ORANG,2017
648,32,JAWA BARAT,3276,KOTA DEPOK,K1,46188,ORANG,2017
649,32,JAWA BARAT,3276,KOTA DEPOK,K4,44727,ORANG,2017
650,32,JAWA BARAT,3277,KOTA CIMAHI,K1,11344,ORANG,2017
651,32,JAWA BARAT,3277,KOTA CIMAHI,K4,10583,ORANG,2017
652,32,JAWA BARAT,3278,KOTA TASIKMALAYA,K1,103,ORANG,2017
653,32,JAWA BARAT,3278,KOTA TASIKMALAYA,K4,12517,ORANG,2017
654,32,JAWA BARAT,3279,KOTA BANJAR,K1,3684,ORANG,2017
655,32,JAWA BARAT,3279,KOTA BANJAR,K4,3305,ORANG,2017
656,32,JAWA BARAT,3201,KABUPATEN BOGOR,K1,128234,ORANG,2018
657,32,JAWA BARAT,3201,KABUPATEN BOGOR,K4,117360,ORANG,2018
658,32,JAWA BARAT,3202,KABUPATEN SUKABUMI,K1,51182,ORANG,2018
659,32,JAWA BARAT,3202,KABUPATEN SUKABUMI,K4,45004,ORANG,2018
660,32,JAWA BARAT,3203,KABUPATEN CIANJUR,K1,46227,ORANG,2018
661,32,JAWA BARAT,3203,KABUPATEN CIANJUR,K4,43992,ORANG,2018
662,32,JAWA BARAT,3204,KABUPATEN BANDUNG,K1,77460,ORANG,2018
663,32,JAWA BARAT,3204,KABUPATEN BANDUNG,K4,74441,ORANG,2018
664,32,JAWA BARAT,3205,KABUPATEN GARUT,K1,60550,ORANG,2018
665,32,JAWA BARAT,3205,KABUPATEN GARUT,K4,57318,ORANG,2018
666,32,JAWA BARAT,3206,KABUPATEN TASIKMALAYA,K1,32656,ORANG,2018
667,32,JAWA BARAT,3206,KABUPATEN TASIKMALAYA,K4,30171,ORANG,2018
668,32,JAWA BARAT,3207,KABUPATEN CIAMIS,K1,22362,ORANG,2018
669,32,JAWA BARAT,3207,KABUPATEN CIAMIS,K4,19743,ORANG,2018
670,32,JAWA BARAT,3208,KABUPATEN KUNINGAN,K1,20761,ORANG,2018
671,32,JAWA BARAT,3208,KABUPATEN KUNINGAN,K4,18869,ORANG,2018
672,32,JAWA BARAT,3209,KABUPATEN CIREBON,K1,53482,ORANG,2018
673,32,JAWA BARAT,3209,KABUPATEN CIREBON,K4,50382,ORANG,2018
674,32,JAWA BARAT,3210,KABUPATEN MAJALENGKA,K1,22524,ORANG,2018
675,32,JAWA BARAT,3210,KABUPATEN MAJALENGKA,K4,20855,ORANG,2018
676,32,JAWA BARAT,3211,KABUPATEN SUMEDANG,K1,20797,ORANG,2018
677,32,JAWA BARAT,3211,KABUPATEN SUMEDANG,K4,24468,ORANG,2018
678,32,JAWA BARAT,3212,KABUPATEN INDRAMAYU,K1,39900,ORANG,2018
679,32,JAWA BARAT,3212,KABUPATEN INDRAMAYU,K4,35744,ORANG,2018
680,32,JAWA BARAT,3213,KABUPATEN SUBANG,K1,33426,ORANG,2018
681,32,JAWA BARAT,3213,KABUPATEN SUBANG,K4,31010,ORANG,2018
682,32,JAWA BARAT,3214,KABUPATEN PURWAKARTA,K1,20434,ORANG,2018
683,32,JAWA BARAT,3214,KABUPATEN PURWAKARTA,K4,19218,ORANG,2018
684,32,JAWA BARAT,3215,KABUPATEN KARAWANG,K1,47661,ORANG,2018
685,32,JAWA BARAT,3215,KABUPATEN KARAWANG,K4,44072,ORANG,2018
686,32,JAWA BARAT,3216,KABUPATEN BEKASI,K1,77341,ORANG,2018
687,32,JAWA BARAT,3216,KABUPATEN BEKASI,K4,75278,ORANG,2018
688,32,JAWA BARAT,3217,KABUPATEN BANDUNG BARAT,K1,34561,ORANG,2018
689,32,JAWA BARAT,3217,KABUPATEN BANDUNG BARAT,K4,30389,ORANG,2018
690,32,JAWA BARAT,3218,KABUPATEN PANGANDARAN,K1,7139,ORANG,2018
691,32,JAWA BARAT,3218,KABUPATEN PANGANDARAN,K4,5863,ORANG,2018
692,32,JAWA BARAT,3271,KOTA BOGOR,K1,21743,ORANG,2018
693,32,JAWA BARAT,3271,KOTA BOGOR,K4,21035,ORANG,2018
694,32,JAWA BARAT,3272,KOTA SUKABUMI,K1,6429,ORANG,2018
695,32,JAWA BARAT,3272,KOTA SUKABUMI,K4,6280,ORANG,2018
696,32,JAWA BARAT,3273,KOTA BANDUNG,K1,43721,ORANG,2018
697,32,JAWA BARAT,3273,KOTA BANDUNG,K4,42617,ORANG,2018
698,32,JAWA BARAT,3274,KOTA CIREBON,K1,6185,ORANG,2018
699,32,JAWA BARAT,3274,KOTA CIREBON,K4,5811,ORANG,2018
700,32,JAWA BARAT,3275,KOTA BEKASI,K1,53718,ORANG,2018
701,32,JAWA BARAT,3275,KOTA BEKASI,K4,51026,ORANG,2018
702,32,JAWA BARAT,3276,KOTA DEPOK,K1,47083,ORANG,2018
703,32,JAWA BARAT,3276,KOTA DEPOK,K4,45748,ORANG,2018
704,32,JAWA BARAT,3277,KOTA CIMAHI,K1,11755,ORANG,2018
705,32,JAWA BARAT,3277,KOTA CIMAHI,K4,11072,ORANG,2018
706,32,JAWA BARAT,3278,KOTA TASIKMALAYA,K1,13425,ORANG,2018
707,32,JAWA BARAT,3278,KOTA TASIKMALAYA,K4,12652,ORANG,2018
708,32,JAWA BARAT,3279,KOTA BANJAR,K1,3654,ORANG,2018
709,32,JAWA BARAT,3279,KOTA BANJAR,K4,3173,ORANG,2018
710,32,JAWA BARAT,3201,KABUPATEN BOGOR,K1,129559,ORANG,2019
711,32,JAWA BARAT,3201,KABUPATEN BOGOR,K4,117711,ORANG,2019
712,32,JAWA BARAT,3202,KABUPATEN SUKABUMI,K1,52021,ORANG,2019
713,32,JAWA BARAT,3202,KABUPATEN SUKABUMI,K4,46004,ORANG,2019
714,32,JAWA BARAT,3203,KABUPATEN CIANJUR,K1,48801,ORANG,2019
715,32,JAWA BARAT,3203,KABUPATEN CIANJUR,K4,43242,ORANG,2019
716,32,JAWA BARAT,3204,KABUPATEN BANDUNG,K1,77820,ORANG,2019
717,32,JAWA BARAT,3204,KABUPATEN BANDUNG,K4,76815,ORANG,2019
718,32,JAWA BARAT,3205,KABUPATEN GARUT,K1,59821,ORANG,2019
719,32,JAWA BARAT,3205,KABUPATEN GARUT,K4,52794,ORANG,2019
720,32,JAWA BARAT,3206,KABUPATEN TASIKMALAYA,K1,33247,ORANG,2019
721,32,JAWA BARAT,3206,KABUPATEN TASIKMALAYA,K4,30298,ORANG,2019
722,32,JAWA BARAT,3207,KABUPATEN CIAMIS,K1,21964,ORANG,2019
723,32,JAWA BARAT,3207,KABUPATEN CIAMIS,K4,19962,ORANG,2019
724,32,JAWA BARAT,3208,KABUPATEN KUNINGAN,K1,20464,ORANG,2019
725,32,JAWA BARAT,3208,KABUPATEN KUNINGAN,K4,18436,ORANG,2019
726,32,JAWA BARAT,3209,KABUPATEN CIREBON,K1,53043,ORANG,2019
727,32,JAWA BARAT,3209,KABUPATEN CIREBON,K4,51198,ORANG,2019
728,32,JAWA BARAT,3210,KABUPATEN MAJALENGKA,K1,20064,ORANG,2019
729,32,JAWA BARAT,3210,KABUPATEN MAJALENGKA,K4,20555,ORANG,2019
730,32,JAWA BARAT,3211,KABUPATEN SUMEDANG,K1,20332,ORANG,2019
731,32,JAWA BARAT,3211,KABUPATEN SUMEDANG,K4,18240,ORANG,2019
732,32,JAWA BARAT,3212,KABUPATEN INDRAMAYU,K1,38711,ORANG,2019
733,32,JAWA BARAT,3212,KABUPATEN INDRAMAYU,K4,33921,ORANG,2019
734,32,JAWA BARAT,3213,KABUPATEN SUBANG,K1,34364,ORANG,2019
735,32,JAWA BARAT,3213,KABUPATEN SUBANG,K4,35114,ORANG,2019
736,32,JAWA BARAT,3214,KABUPATEN PURWAKARTA,K1,20298,ORANG,2019
737,32,JAWA BARAT,3214,KABUPATEN PURWAKARTA,K4,19578,ORANG,2019
738,32,JAWA BARAT,3215,KABUPATEN KARAWANG,K1,47962,ORANG,2019
739,32,JAWA BARAT,3215,KABUPATEN KARAWANG,K4,44535,ORANG,2019
740,32,JAWA BARAT,3216,KABUPATEN BEKASI,K1,83978,ORANG,2019
741,32,JAWA BARAT,3216,KABUPATEN BEKASI,K4,83498,ORANG,2019
742,32,JAWA BARAT,3217,KABUPATEN BANDUNG BARAT,K1,34871,ORANG,2019
743,32,JAWA BARAT,3217,KABUPATEN BANDUNG BARAT,K4,31009,ORANG,2019
744,32,JAWA BARAT,3218,KABUPATEN PANGANDARAN,K1,6898,ORANG,2019
745,32,JAWA BARAT,3218,KABUPATEN PANGANDARAN,K4,6013,ORANG,2019
746,32,JAWA BARAT,3271,KOTA BOGOR,K1,22376,ORANG,2019
747,32,JAWA BARAT,3271,KOTA BOGOR,K4,21168,ORANG,2019
748,32,JAWA BARAT,3272,KOTA SUKABUMI,K1,6192,ORANG,2019
749,32,JAWA BARAT,3272,KOTA SUKABUMI,K4,5603,ORANG,2019
750,32,JAWA BARAT,3273,KOTA BANDUNG,K1,44566,ORANG,2019
751,32,JAWA BARAT,3273,KOTA BANDUNG,K4,42660,ORANG,2019
752,32,JAWA BARAT,3274,KOTA CIREBON,K1,5934,ORANG,2019
753,32,JAWA BARAT,3274,KOTA CIREBON,K4,5741,ORANG,2019
754,32,JAWA BARAT,3275,KOTA BEKASI,K1,54272,ORANG,2019
755,32,JAWA BARAT,3275,KOTA BEKASI,K4,51867,ORANG,2019
756,32,JAWA BARAT,3276,KOTA DEPOK,K1,48543,ORANG,2019
757,32,JAWA BARAT,3276,KOTA DEPOK,K4,46559,ORANG,2019
758,32,JAWA BARAT,3277,KOTA CIMAHI,K1,11572,ORANG,2019
759,32,JAWA BARAT,3277,KOTA CIMAHI,K4,11052,ORANG,2019
760,32,JAWA BARAT,3278,KOTA TASIKMALAYA,K1,13058,ORANG,2019
761,32,JAWA BARAT,3278,KOTA TASIKMALAYA,K4,12110,ORANG,2019
762,32,JAWA BARAT,3279,KOTA BANJAR,K1,3733,ORANG,2019
763,32,JAWA BARAT,3279,KOTA BANJAR,K4,3169,ORANG,2019
764,32,JAWA BARAT,3201,KABUPATEN BOGOR,K1,123465,ORANG,2020
765,32,JAWA BARAT,3201,KABUPATEN BOGOR,K4,110953,ORANG,2020
766,32,JAWA BARAT,3202,KABUPATEN SUKABUMI,K1,51034,ORANG,2020
767,32,JAWA BARAT,3202,KABUPATEN SUKABUMI,K4,45939,ORANG,2020
768,32,JAWA BARAT,3203,KABUPATEN CIANJUR,K1,44447,ORANG,2020
769,32,JAWA BARAT,3203,KABUPATEN CIANJUR,K4,42927,ORANG,2020
770,32,JAWA BARAT,3204,KABUPATEN BANDUNG,K1,77649,ORANG,2020
771,32,JAWA BARAT,3204,KABUPATEN BANDUNG,K4,76833,ORANG,2020
772,32,JAWA BARAT,3205,KABUPATEN GARUT,K1,56575,ORANG,2020
773,32,JAWA BARAT,3205,KABUPATEN GARUT,K4,54017,ORANG,2020
774,32,JAWA BARAT,3206,KABUPATEN TASIKMALAYA,K1,32355,ORANG,2020
775,32,JAWA BARAT,3206,KABUPATEN TASIKMALAYA,K4,30033,ORANG,2020
776,32,JAWA BARAT,3207,KABUPATEN CIAMIS,K1,21361,ORANG,2020
777,32,JAWA BARAT,3207,KABUPATEN CIAMIS,K4,19581,ORANG,2020
778,32,JAWA BARAT,3208,KABUPATEN KUNINGAN,K1,19862,ORANG,2020
779,32,JAWA BARAT,3208,KABUPATEN KUNINGAN,K4,18307,ORANG,2020
780,32,JAWA BARAT,3209,KABUPATEN CIREBON,K1,52037,ORANG,2020
781,32,JAWA BARAT,3209,KABUPATEN CIREBON,K4,50296,ORANG,2020
782,32,JAWA BARAT,3210,KABUPATEN MAJALENGKA,K1,22319,ORANG,2020
783,32,JAWA BARAT,3210,KABUPATEN MAJALENGKA,K4,20955,ORANG,2020
784,32,JAWA BARAT,3211,KABUPATEN SUMEDANG,K1,19926,ORANG,2020
785,32,JAWA BARAT,3211,KABUPATEN SUMEDANG,K4,18480,ORANG,2020
786,32,JAWA BARAT,3212,KABUPATEN INDRAMAYU,K1,32450,ORANG,2020
787,32,JAWA BARAT,3212,KABUPATEN INDRAMAYU,K4,29615,ORANG,2020
788,32,JAWA BARAT,3213,KABUPATEN SUBANG,K1,36461,ORANG,2020
789,32,JAWA BARAT,3213,KABUPATEN SUBANG,K4,34532,ORANG,2020
790,32,JAWA BARAT,3214,KABUPATEN PURWAKARTA,K1,20003,ORANG,2020
791,32,JAWA BARAT,3214,KABUPATEN PURWAKARTA,K4,19187,ORANG,2020
792,32,JAWA BARAT,3215,KABUPATEN KARAWANG,K1,43892,ORANG,2020
793,32,JAWA BARAT,3215,KABUPATEN KARAWANG,K4,42688,ORANG,2020
794,32,JAWA BARAT,3216,KABUPATEN BEKASI,K1,83047,ORANG,2020
795,32,JAWA BARAT,3216,KABUPATEN BEKASI,K4,81956,ORANG,2020
796,32,JAWA BARAT,3217,KABUPATEN BANDUNG BARAT,K1,31263,ORANG,2020
797,32,JAWA BARAT,3217,KABUPATEN BANDUNG BARAT,K4,30665,ORANG,2020
798,32,JAWA BARAT,3218,KABUPATEN PANGANDARAN,K1,6678,ORANG,2020
799,32,JAWA BARAT,3218,KABUPATEN PANGANDARAN,K4,5922,ORANG,2020
800,32,JAWA BARAT,3271,KOTA BOGOR,K1,20605,ORANG,2020
801,32,JAWA BARAT,3271,KOTA BOGOR,K4,19566,ORANG,2020
802,32,JAWA BARAT,3272,KOTA SUKABUMI,K1,6460,ORANG,2020
803,32,JAWA BARAT,3272,KOTA SUKABUMI,K4,6265,ORANG,2020
804,32,JAWA BARAT,3273,KOTA BANDUNG,K1,39355,ORANG,2020
805,32,JAWA BARAT,3273,KOTA BANDUNG,K4,36318,ORANG,2020
806,32,JAWA BARAT,3274,KOTA CIREBON,K1,5486,ORANG,2020
807,32,JAWA BARAT,3274,KOTA CIREBON,K4,5207,ORANG,2020
808,32,JAWA BARAT,3275,KOTA BEKASI,K1,50590,ORANG,2020
809,32,JAWA BARAT,3275,KOTA BEKASI,K4,46478,ORANG,2020
810,32,JAWA BARAT,3276,KOTA DEPOK,K1,46130,ORANG,2020
811,32,JAWA BARAT,3276,KOTA DEPOK,K4,45346,ORANG,2020
812,32,JAWA BARAT,3277,KOTA CIMAHI,K1,11024,ORANG,2020
813,32,JAWA BARAT,3277,KOTA CIMAHI,K4,10166,ORANG,2020
814,32,JAWA BARAT,3278,KOTA TASIKMALAYA,K1,13084,ORANG,2020
815,32,JAWA BARAT,3278,KOTA TASIKMALAYA,K4,12096,ORANG,2020
816,32,JAWA BARAT,3279,KOTA BANJAR,K1,3255,ORANG,2020
817,32,JAWA BARAT,3279,KOTA BANJAR,K4,3089,ORANG,2020
818,32,JAWA BARAT,3201,KABUPATEN BOGOR,K1,121216,ORANG,2021
819,32,JAWA BARAT,3201,KABUPATEN BOGOR,K4,108498,ORANG,2021
820,32,JAWA BARAT,3202,KABUPATEN SUKABUMI,K1,47991,ORANG,2021
821,32,JAWA BARAT,3202,KABUPATEN SUKABUMI,K4,44093,ORANG,2021
822,32,JAWA BARAT,3203,KABUPATEN CIANJUR,K1,44367,ORANG,2021
823,32,JAWA BARAT,3203,KABUPATEN CIANJUR,K4,42503,ORANG,2021
824,32,JAWA BARAT,3204,KABUPATEN BANDUNG,K1,72386,ORANG,2021
825,32,JAWA BARAT,3204,KABUPATEN BANDUNG,K4,71297,ORANG,2021
826,32,JAWA BARAT,3205,KABUPATEN GARUT,K1,51558,ORANG,2021
827,32,JAWA BARAT,3205,KABUPATEN GARUT,K4,52103,ORANG,2021
828,32,JAWA BARAT,3206,KABUPATEN TASIKMALAYA,K1,30639,ORANG,2021
829,32,JAWA BARAT,3206,KABUPATEN TASIKMALAYA,K4,29422,ORANG,2021
830,32,JAWA BARAT,3207,KABUPATEN CIAMIS,K1,20051,ORANG,2021
831,32,JAWA BARAT,3207,KABUPATEN CIAMIS,K4,18563,ORANG,2021
832,32,JAWA BARAT,3208,KABUPATEN KUNINGAN,K1,18805,ORANG,2021
833,32,JAWA BARAT,3208,KABUPATEN KUNINGAN,K4,17482,ORANG,2021
834,32,JAWA BARAT,3209,KABUPATEN CIREBON,K1,50866,ORANG,2021
835,32,JAWA BARAT,3209,KABUPATEN CIREBON,K4,48579,ORANG,2021
836,32,JAWA BARAT,3210,KABUPATEN MAJALENGKA,K1,20712,ORANG,2021
837,32,JAWA BARAT,3210,KABUPATEN MAJALENGKA,K4,19825,ORANG,2021
838,32,JAWA BARAT,3211,KABUPATEN SUMEDANG,K1,18241,ORANG,2021
839,32,JAWA BARAT,3211,KABUPATEN SUMEDANG,K4,17218,ORANG,2021
840,32,JAWA BARAT,3212,KABUPATEN INDRAMAYU,K1,30493,ORANG,2021
841,32,JAWA BARAT,3212,KABUPATEN INDRAMAYU,K4,27062,ORANG,2021
842,32,JAWA BARAT,3213,KABUPATEN SUBANG,K1,37428,ORANG,2021
843,32,JAWA BARAT,3213,KABUPATEN SUBANG,K4,34867,ORANG,2021
844,32,JAWA BARAT,3214,KABUPATEN PURWAKARTA,K1,18619,ORANG,2021
845,32,JAWA BARAT,3214,KABUPATEN PURWAKARTA,K4,17967,ORANG,2021
846,32,JAWA BARAT,3215,KABUPATEN KARAWANG,K1,37356,ORANG,2021
847,32,JAWA BARAT,3215,KABUPATEN KARAWANG,K4,38284,ORANG,2021
848,32,JAWA BARAT,3216,KABUPATEN BEKASI,K1,81776,ORANG,2021
849,32,JAWA BARAT,3216,KABUPATEN BEKASI,K4,80437,ORANG,2021
850,32,JAWA BARAT,3217,KABUPATEN BANDUNG BARAT,K1,59470,ORANG,2021
851,32,JAWA BARAT,3217,KABUPATEN BANDUNG BARAT,K4,30899,ORANG,2021
852,32,JAWA BARAT,3218,KABUPATEN PANGANDARAN,K1,6499,ORANG,2021
853,32,JAWA BARAT,3218,KABUPATEN PANGANDARAN,K4,5762,ORANG,2021
854,32,JAWA BARAT,3271,KOTA BOGOR,K1,19548,ORANG,2021
855,32,JAWA BARAT,3271,KOTA BOGOR,K4,18604,ORANG,2021
856,32,JAWA BARAT,3272,KOTA SUKABUMI,K1,6219,ORANG,2021
857,32,JAWA BARAT,3272,KOTA SUKABUMI,K4,5915,ORANG,2021
858,32,JAWA BARAT,3273,KOTA BANDUNG,K1,38330,ORANG,2021
859,32,JAWA BARAT,3273,KOTA BANDUNG,K4,36588,ORANG,2021
860,32,JAWA BARAT,3274,KOTA CIREBON,K1,5483,ORANG,2021
861,32,JAWA BARAT,3274,KOTA CIREBON,K4,5098,ORANG,2021
862,32,JAWA BARAT,3275,KOTA BEKASI,K1,51387,ORANG,2021
863,32,JAWA BARAT,3275,KOTA BEKASI,K4,45957,ORANG,2021
864,32,JAWA BARAT,3276,KOTA DEPOK,K1,45769,ORANG,2021
865,32,JAWA BARAT,3276,KOTA DEPOK,K4,44258,ORANG,2021
866,32,JAWA BARAT,3277,KOTA CIMAHI,K1,10586,ORANG,2021
867,32,JAWA BARAT,3277,KOTA CIMAHI,K4,10110,ORANG,2021
868,32,JAWA BARAT,3278,KOTA TASIKMALAYA,K1,12486,ORANG,2021
869,32,JAWA BARAT,3278,KOTA TASIKMALAYA,K4,11842,ORANG,2021
870,32,JAWA BARAT,3279,KOTA BANJAR,K1,3320,ORANG,2021
871,32,JAWA BARAT,3279,KOTA BANJAR,K4,3005,ORANG,2021
872,32,JAWA BARAT,3201,KABUPATEN BOGOR,K1,121589,ORANG,2022
873,32,JAWA BARAT,3201,KABUPATEN BOGOR,K4,109801,ORANG,2022
874,32,JAWA BARAT,3201,KABUPATEN BOGOR,K6,73009,ORANG,2022
875,32,JAWA BARAT,3202,KABUPATEN SUKABUMI,K1,47656,ORANG,2022
876,32,JAWA BARAT,3202,KABUPATEN SUKABUMI,K4,45023,ORANG,2022
877,32,JAWA BARAT,3202,KABUPATEN SUKABUMI,K6,36865,ORANG,2022
878,32,JAWA BARAT,3203,KABUPATEN CIANJUR,K1,40211,ORANG,2022
879,32,JAWA BARAT,3203,KABUPATEN CIANJUR,K4,40405,ORANG,2022
880,32,JAWA BARAT,3203,KABUPATEN CIANJUR,K6,30730,ORANG,2022
881,32,JAWA BARAT,3204,KABUPATEN BANDUNG,K1,68045,ORANG,2022
882,32,JAWA BARAT,3204,KABUPATEN BANDUNG,K4,64626,ORANG,2022
883,32,JAWA BARAT,3204,KABUPATEN BANDUNG,K6,56122,ORANG,2022
884,32,JAWA BARAT,3205,KABUPATEN GARUT,K1,48720,ORANG,2022
885,32,JAWA BARAT,3205,KABUPATEN GARUT,K4,49631,ORANG,2022
886,32,JAWA BARAT,3205,KABUPATEN GARUT,K6,56122,ORANG,2022
887,32,JAWA BARAT,3206,KABUPATEN TASIKMALAYA,K1,29162,ORANG,2022
888,32,JAWA BARAT,3206,KABUPATEN TASIKMALAYA,K4,29722,ORANG,2022
889,32,JAWA BARAT,3206,KABUPATEN TASIKMALAYA,K6,19491,ORANG,2022
890,32,JAWA BARAT,3207,KABUPATEN CIAMIS,K1,19070,ORANG,2022
891,32,JAWA BARAT,3207,KABUPATEN CIAMIS,K4,17654,ORANG,2022
892,32,JAWA BARAT,3207,KABUPATEN CIAMIS,K6,15329,ORANG,2022
893,32,JAWA BARAT,3208,KABUPATEN KUNINGAN,K1,14567,ORANG,2022
894,32,JAWA BARAT,3208,KABUPATEN KUNINGAN,K4,15917,ORANG,2022
895,32,JAWA BARAT,3208,KABUPATEN KUNINGAN,K6,14495,ORANG,2022
896,32,JAWA BARAT,3209,KABUPATEN CIREBON,K1,46985,ORANG,2022
897,32,JAWA BARAT,3209,KABUPATEN CIREBON,K4,46244,ORANG,2022
898,32,JAWA BARAT,3209,KABUPATEN CIREBON,K6,45057,ORANG,2022
899,32,JAWA BARAT,3210,KABUPATEN MAJALENGKA,K1,20174,ORANG,2022
900,32,JAWA BARAT,3210,KABUPATEN MAJALENGKA,K4,19101,ORANG,2022
901,32,JAWA BARAT,3210,KABUPATEN MAJALENGKA,K6,17925,ORANG,2022
902,32,JAWA BARAT,3211,KABUPATEN SUMEDANG,K1,16377,ORANG,2022
903,32,JAWA BARAT,3211,KABUPATEN SUMEDANG,K4,15816,ORANG,2022
904,32,JAWA BARAT,3211,KABUPATEN SUMEDANG,K6,14700,ORANG,2022
905,32,JAWA BARAT,3212,KABUPATEN INDRAMAYU,K1,25176,ORANG,2022
906,32,JAWA BARAT,3212,KABUPATEN INDRAMAYU,K4,26038,ORANG,2022
907,32,JAWA BARAT,3212,KABUPATEN INDRAMAYU,K6,25838,ORANG,2022
908,32,JAWA BARAT,3213,KABUPATEN SUBANG,K1,27019,ORANG,2022
909,32,JAWA BARAT,3213,KABUPATEN SUBANG,K4,24863,ORANG,2022
910,32,JAWA BARAT,3213,KABUPATEN SUBANG,K6,15725,ORANG,2022
911,32,JAWA BARAT,3214,KABUPATEN PURWAKARTA,K1,18167,ORANG,2022
912,32,JAWA BARAT,3214,KABUPATEN PURWAKARTA,K4,17852,ORANG,2022
913,32,JAWA BARAT,3214,KABUPATEN PURWAKARTA,K6,16501,ORANG,2022
914,32,JAWA BARAT,3215,KABUPATEN KARAWANG,K1,35864,ORANG,2022
915,32,JAWA BARAT,3215,KABUPATEN KARAWANG,K4,37040,ORANG,2022
916,32,JAWA BARAT,3215,KABUPATEN KARAWANG,K6,31913,ORANG,2022
917,32,JAWA BARAT,3216,KABUPATEN BEKASI,K1,83139,ORANG,2022
918,32,JAWA BARAT,3216,KABUPATEN BEKASI,K4,82661,ORANG,2022
919,32,JAWA BARAT,3216,KABUPATEN BEKASI,K6,75167,ORANG,2022
920,32,JAWA BARAT,3217,KABUPATEN BANDUNG BARAT,K1,31179,ORANG,2022
921,32,JAWA BARAT,3217,KABUPATEN BANDUNG BARAT,K4,30778,ORANG,2022
922,32,JAWA BARAT,3217,KABUPATEN BANDUNG BARAT,K6,30778,ORANG,2022
923,32,JAWA BARAT,3218,KABUPATEN PANGANDARAN,K1,5712,ORANG,2022
924,32,JAWA BARAT,3218,KABUPATEN PANGANDARAN,K4,5666,ORANG,2022
925,32,JAWA BARAT,3218,KABUPATEN PANGANDARAN,K6,5438,ORANG,2022
926,32,JAWA BARAT,3271,KOTA BOGOR,K1,19470,ORANG,2022
927,32,JAWA BARAT,3271,KOTA BOGOR,K4,18799,ORANG,2022
928,32,JAWA BARAT,3271,KOTA BOGOR,K6,17907,ORANG,2022
929,32,JAWA BARAT,3272,KOTA SUKABUMI,K1,6012,ORANG,2022
930,32,JAWA BARAT,3272,KOTA SUKABUMI,K4,5804,ORANG,2022
931,32,JAWA BARAT,3272,KOTA SUKABUMI,K6,3611,ORANG,2022
932,32,JAWA BARAT,3273,KOTA BANDUNG,K1,26822,ORANG,2022
933,32,JAWA BARAT,3273,KOTA BANDUNG,K4,38046,ORANG,2022
934,32,JAWA BARAT,3273,KOTA BANDUNG,K6,24821,ORANG,2022
935,32,JAWA BARAT,3274,KOTA CIREBON,K1,5320,ORANG,2022
936,32,JAWA BARAT,3274,KOTA CIREBON,K4,5027,ORANG,2022
937,32,JAWA BARAT,3274,KOTA CIREBON,K6,4626,ORANG,2022
938,32,JAWA BARAT,3275,KOTA BEKASI,K1,51014,ORANG,2022
939,32,JAWA BARAT,3275,KOTA BEKASI,K4,47533,ORANG,2022
940,32,JAWA BARAT,3275,KOTA BEKASI,K6,34141,ORANG,2022
941,32,JAWA BARAT,3276,KOTA DEPOK,K1,46780,ORANG,2022
942,32,JAWA BARAT,3276,KOTA DEPOK,K4,46533,ORANG,2022
943,32,JAWA BARAT,3276,KOTA DEPOK,K6,43992,ORANG,2022
944,32,JAWA BARAT,3277,KOTA CIMAHI,K1,10966,ORANG,2022
945,32,JAWA BARAT,3277,KOTA CIMAHI,K4,10559,ORANG,2022
946,32,JAWA BARAT,3277,KOTA CIMAHI,K6,9163,ORANG,2022
947,32,JAWA BARAT,3278,KOTA TASIKMALAYA,K1,11675,ORANG,2022
948,32,JAWA BARAT,3278,KOTA TASIKMALAYA,K4,11430,ORANG,2022
949,32,JAWA BARAT,3278,KOTA TASIKMALAYA,K6,9905,ORANG,2022
950,32,JAWA BARAT,3279,KOTA BANJAR,K1,3163,ORANG,2022
951,32,JAWA BARAT,3279,KOTA BANJAR,K4,2951,ORANG,2022
952,32,JAWA BARAT,3279,KOTA BANJAR,K6,2463,ORANG,2022
